key,service,value,classification
add.member.kafka.create.topic,advocate-office-management,add-advocate-office-member,CONFLICT
add.member.kafka.create.topic,case,add-advocate-office-member,CONFLICT
allowed.content.types,bail-bond,"application/pdf,application/x-pdf",CONFLICT
allowed.content.types,ctc,application/pdf,CONFLICT
allowed.content.types,digitalized-documents,"application/pdf,application/x-pdf",CONFLICT
allowed.content.types,task,"application/pdf,application/x-pdf",CONFLICT
app.timezone,Notification,Asia/Kolkata,CONFLICT
app.timezone,ab-diary,Asia/Kolkata,CONFLICT
app.timezone,advocate,Asia/Kolkata,CONFLICT
app.timezone,advocate-office-management,Asia/Kolkata,CONFLICT
app.timezone,bail-bond,Asia/Kolkata,CONFLICT
app.timezone,case,Asia/Kolkata,CONFLICT
app.timezone,ctc,Asia/Kolkata,CONFLICT
app.timezone,digitalized-documents,Asia/Kolkata,CONFLICT
app.timezone,e-sign-svc,Asia/Kolkata,CONFLICT
app.timezone,esign-interceptor,Asia/Kolkata,CONFLICT
app.timezone,inportal-survey,Asia/Kolkata,CONFLICT
app.timezone,lock-svc,Asia/Kolkata,CONFLICT
app.timezone,order,Asia/Kolkata,CONFLICT
app.timezone,payment-calculator-svc,Asia/Kolkata,CONFLICT
app.timezone,task,Asia/Kolkata,CONFLICT
app.timezone,template-configuration,Asia/Kolkata,CONFLICT
app.zone.id,ab-diary,Asia/Kolkata,CONFLICT
app.zone.id,bail-bond,Asia/Kolkata,CONFLICT
app.zone.id,case,Asia/Kolkata,CONFLICT
app.zone.id,ctc,Asia/Kolkata,CONFLICT
app.zone.id,digitalized-documents,Asia/Kolkata,CONFLICT
app.zone.id,epost-tracker,Asia/Kolkata,CONFLICT
app.zone.id,order,Asia/Kolkata,CONFLICT
app.zone.id,task,Asia/Kolkata,CONFLICT
application.kafka.update.topic,case,update-application,CONFLICT
application.kafka.update.topic,task,update-application,CONFLICT
case.kafka.update.topic,case,update-case-application,CONFLICT
case.kafka.update.topic,task,update-case-application,CONFLICT
court.name,ab-diary,"Special Court Of Judicial Magistrate of the First Class, for the trial of cases under section 138 of NI Act, 1881 at Kollam (""24X7 ON Court"")",CONFLICT
court.name,epost-tracker,"Special Court Of Judicial Magistrate of the First Class, for the trial of cases under section 138 of NI Act, 1881 at Kollam (\""24X7 ON Court\"")",CONFLICT
domain.url,bail-bond,http://localhost:3000,CONFLICT
domain.url,digitalized-documents,https://dristi-kerala-dev.pucar.org/,CONFLICT
dristi.esign.signature.height,bail-bond,50,CONFLICT
dristi.esign.signature.height,ctc,50,CONFLICT
dristi.esign.signature.height,digitalized-documents,50,CONFLICT
dristi.esign.signature.height,task,50,CONFLICT
dristi.esign.signature.width,bail-bond,250,CONFLICT
dristi.esign.signature.width,ctc,250,CONFLICT
dristi.esign.signature.width,digitalized-documents,250,CONFLICT
dristi.esign.signature.width,task,250,CONFLICT
egov-state-level-tenant-id,epost-tracker,pb,CONFLICT
egov-state-level-tenant-id,inportal-survey,pb,CONFLICT
egov.base.url,bail-bond,/ui/citizen/dristi/home/bail-bond-sign,CONFLICT
egov.base.url,digitalized-documents,/ui/citizen/dristi/home/digitalized-document-sign,CONFLICT
egov.bulk.index.path,bail-bond,_bulk,CONFLICT
egov.bulk.index.path,ctc,_bulk,CONFLICT
egov.case.host,bail-bond,http://localhost:8099,CONFLICT
egov.case.host,ctc,http://localhost:9090/,CONFLICT
egov.case.host,digitalized-documents,http://localhost:8099,CONFLICT
egov.case.host,order,http://localhost:9090/,CONFLICT
egov.case.host,task,http://localhost:9094/,CONFLICT
egov.case.path,ctc,case/v1/_exists,CONFLICT
egov.case.path,order,case/v1/_exists,CONFLICT
egov.case.path,task,case/v1/_exists,CONFLICT
egov.case.search.endpoint,bail-bond,/case/v1/_search,CONFLICT
egov.case.search.endpoint,digitalized-documents,/case/v1/_search,CONFLICT
egov.case.search.endpoint,task,case/v1/_search,CONFLICT
egov.case.search.path,ctc,/case/v1/_search,CONFLICT
egov.case.search.path,order,/case/v1/_search,CONFLICT
egov.courtId,case,KLKM52,CONFLICT
egov.courtId,ctc,KLKM52,CONFLICT
egov.courtId,order,KLKM52,CONFLICT
egov.courtId,task,KLKM52,CONFLICT
egov.enc.decrypt.endpoint,bail-bond,/egov-enc-service/crypto/v1/_decrypt,CONFLICT
egov.enc.decrypt.endpoint,case,/egov-enc-service/crypto/v1/_decrypt,CONFLICT
egov.enc.encrypt.endpoint,bail-bond,/egov-enc-service/crypto/v1/_encrypt,CONFLICT
egov.enc.encrypt.endpoint,case,/egov-enc-service/crypto/v1/_encrypt,CONFLICT
egov.enc.host,bail-bond,http://localhost:8095,CONFLICT
egov.enc.host,case,http://localhost:8095,CONFLICT
egov.esign.host,bail-bond,http://localhost:8052,CONFLICT
egov.esign.host,ctc,http://localhost:8052,CONFLICT
egov.esign.host,digitalized-documents,http://localhost:8052,CONFLICT
egov.esign.location.endpoint,bail-bond,/e-sign-svc/v1/_getLocation,CONFLICT
egov.esign.location.endpoint,ctc,/e-sign-svc/v1/_getLocation,CONFLICT
egov.esign.location.endpoint,digitalized-documents,/e-sign-svc/v1/_getLocation,CONFLICT
egov.etreasury.demand.create.endpoint,case,/etreasury/payment/v1/_createDemand,CONFLICT
egov.etreasury.demand.create.endpoint,ctc,/etreasury/payment/v1/_createDemand,CONFLICT
egov.etreasury.host,case,http://localhost:8876,CONFLICT
egov.etreasury.host,ctc,http://localhost:8090,CONFLICT
egov.file.store.delete.endpoint,Notification,/filestore/v1/files/delete,CONFLICT
egov.file.store.delete.endpoint,ab-diary,/filestore/v1/files/delete,CONFLICT
egov.file.store.delete.endpoint,bail-bond,/filestore/v1/files/delete,CONFLICT
egov.file.store.delete.endpoint,case,/filestore/v1/files/delete,CONFLICT
egov.file.store.delete.endpoint,ctc,/filestore/v1/files/delete,CONFLICT
egov.file.store.delete.endpoint,digitalized-documents,/filestore/v1/files/delete,CONFLICT
egov.file.store.delete.endpoint,order,/filestore/v1/files/delete,CONFLICT
egov.file.store.delete.endpoint,task,/filestore/v1/files/delete,CONFLICT
egov.file.store.save.endpoint,ab-diary,/filestore/v1/files,CONFLICT
egov.file.store.save.endpoint,case,/filestore/v1/files,CONFLICT
egov.file.store.save.endpoint,epost-tracker,/filestore/v1/files,CONFLICT
egov.filestore.host,Notification,https://dev.digit.org,CONFLICT
egov.filestore.host,ab-diary,http://localhost:8081/,CONFLICT
egov.filestore.host,bail-bond,http://localhost:8085/,CONFLICT
egov.filestore.host,case,http://localhost:8085/,CONFLICT
egov.filestore.host,ctc,http://localhost:8085/,CONFLICT
egov.filestore.host,digitalized-documents,http://localhost:8090,CONFLICT
egov.filestore.host,e-sign-svc,http://localhost:8052/,CONFLICT
egov.filestore.host,epost-tracker,http://localhost:8082,CONFLICT
egov.filestore.host,esign-interceptor,http://localhost:8052/,CONFLICT
egov.filestore.host,order,http://localhost:8085/,CONFLICT
egov.filestore.host,task,http://localhost:8080,CONFLICT
egov.filestore.path,ab-diary,filestore/v1/files/id?,CONFLICT
egov.filestore.path,bail-bond,filestore/v1/files/id?,CONFLICT
egov.filestore.path,case,filestore/v1/files/id?,CONFLICT
egov.filestore.path,ctc,filestore/v1/files/id?,CONFLICT
egov.filestore.path,order,filestore/v1/files/id?,CONFLICT
egov.filestore.save.endpoint,bail-bond,/filestore/v1/files,CONFLICT
egov.filestore.save.endpoint,ctc,/filestore/v1/files,CONFLICT
egov.filestore.save.endpoint,digitalized-documents,/filestore/v1/files,CONFLICT
egov.filestore.save.endpoint,task,/filestore/v1/files,CONFLICT
egov.filestore.search.endpoint,bail-bond,/filestore/v1/files/id,CONFLICT
egov.filestore.search.endpoint,ctc,/filestore/v1/files/id,CONFLICT
egov.filestore.search.endpoint,digitalized-documents,/filestore/v1/files/id,CONFLICT
egov.filestore.search.endpoint,e-sign-svc,filestore/v1/files/id,CONFLICT
egov.filestore.search.endpoint,esign-interceptor,filestore/v1/files/id,CONFLICT
egov.filestore.search.endpoint,task,/filestore/v1/files/id,CONFLICT
egov.hearing.host,case,http://localhost:8080/,CONFLICT
egov.hearing.host,ctc,http://localhost:9091/,CONFLICT
egov.hearing.host,order,http://localhost:9091/,CONFLICT
egov.hearing.search.path,case,hearing/v1/search,CONFLICT
egov.hearing.search.path,ctc,hearing/v1/search,CONFLICT
egov.hearing.search.path,order,hearing/v1/search,CONFLICT
egov.hrms.host,Notification,https://dev.digit.org,CONFLICT
egov.hrms.host,ab-diary,https://dev.digit.org,CONFLICT
egov.hrms.host,advocate,https://dev.digit.org,CONFLICT
egov.hrms.host,advocate-office-management,https://dev.digit.org,CONFLICT
egov.hrms.host,bail-bond,https://dev.digit.org,CONFLICT
egov.hrms.host,case,https://dev.digit.org,CONFLICT
egov.hrms.host,digitalized-documents,https://dev.digit.org,CONFLICT
egov.hrms.host,order,https://dev.digit.org,CONFLICT
egov.hrms.host,task,https://dev.digit.org,CONFLICT
egov.hrms.search.endpoint,Notification,/egov-hrms/employees/_search,CONFLICT
egov.hrms.search.endpoint,ab-diary,/egov-hrms/employees/_search,CONFLICT
egov.hrms.search.endpoint,advocate,/egov-hrms/employees/_search,CONFLICT
egov.hrms.search.endpoint,advocate-office-management,/egov-hrms/employees/_search,CONFLICT
egov.hrms.search.endpoint,bail-bond,/egov-hrms/employees/_search,CONFLICT
egov.hrms.search.endpoint,case,/egov-hrms/employees/_search,CONFLICT
egov.hrms.search.endpoint,digitalized-documents,/egov-hrms/employees/_search,CONFLICT
egov.hrms.search.endpoint,order,/egov-hrms/employees/_search,CONFLICT
egov.hrms.search.endpoint,task,/egov-hrms/employees/_search,CONFLICT
egov.idgen.host,Notification,https://dev.digit.org/,CONFLICT
egov.idgen.host,ab-diary,https://dev.digit.org/,CONFLICT
egov.idgen.host,advocate,http://localhost:8087/,CONFLICT
egov.idgen.host,advocate-office-management,https://dev.digit.org/,CONFLICT
egov.idgen.host,bail-bond,http://localhost:8090,CONFLICT
egov.idgen.host,case,http://localhost:8082/,CONFLICT
egov.idgen.host,ctc,http://localhost:8082/,CONFLICT
egov.idgen.host,digitalized-documents,http://localhost:8081,CONFLICT
egov.idgen.host,epost-tracker,http://egov-idgen:8080,CONFLICT
egov.idgen.host,order,http://localhost:8082/,CONFLICT
egov.idgen.host,task,http://localhost:8082/,CONFLICT
egov.idgen.orderConfig,ctc,case.order.[TENANT_ID],CONFLICT
egov.idgen.orderConfig,order,case.order.[TENANT_ID],CONFLICT
egov.idgen.orderFormat,ctc,OR[SEQ_ORDER_[TENANT_ID]],CONFLICT
egov.idgen.orderFormat,order,OR[SEQ_ORDER_[TENANT_ID]],CONFLICT
egov.idgen.path,Notification,egov-idgen/id/_generate,CONFLICT
egov.idgen.path,ab-diary,egov-idgen/id/_generate,CONFLICT
egov.idgen.path,advocate,egov-idgen/id/_generate,CONFLICT
egov.idgen.path,advocate-office-management,egov-idgen/id/_generate,CONFLICT
egov.idgen.path,bail-bond,/egov-idgen/id/_generate,CONFLICT
egov.idgen.path,case,egov-idgen/id/_generate,CONFLICT
egov.idgen.path,ctc,egov-idgen/id/_generate,CONFLICT
egov.idgen.path,digitalized-documents,/egov-idgen/id/_generate,CONFLICT
egov.idgen.path,epost-tracker,/egov-idgen/id/_generate,CONFLICT
egov.idgen.path,order,egov-idgen/id/_generate,CONFLICT
egov.idgen.path,task,egov-idgen/id/_generate,CONFLICT
egov.indexer.es.password,bail-bond,8fwbD6HbJh6HU0oddsHm8TEI,CONFLICT
egov.indexer.es.password,ctc,8fwbD6HbJh6HU0oddsHm8TEI,CONFLICT
egov.indexer.es.username,bail-bond,elastic,CONFLICT
egov.indexer.es.username,ctc,elastic,CONFLICT
egov.individual.create.path,advocate,individual/v1/_create,CONFLICT
egov.individual.create.path,case,individual/v1/_create,CONFLICT
egov.individual.create.path,ctc,individual/v1/_create,CONFLICT
egov.individual.create.path,order,individual/v1/_create,CONFLICT
egov.individual.create.path,task,individual/v1/_create,CONFLICT
egov.individual.host,advocate,http://localhost:8089/,CONFLICT
egov.individual.host,case,http://localhost:8081/,CONFLICT
egov.individual.host,ctc,http://localhost:8081/,CONFLICT
egov.individual.host,lock-svc,http://localhost:8081/,CONFLICT
egov.individual.host,order,http://localhost:8081/,CONFLICT
egov.individual.host,task,http://localhost:8081/,CONFLICT
egov.individual.path,advocate,individual/v1/_create,CONFLICT
egov.individual.path,case,individual/v1/_create,CONFLICT
egov.individual.path,ctc,individual/v1/_create,CONFLICT
egov.individual.path,order,individual/v1/_create,CONFLICT
egov.individual.path,task,individual/v1/_create,CONFLICT
egov.individual.search.path,advocate,individual/v1/_search,CONFLICT
egov.individual.search.path,case,individual/v1/_search,CONFLICT
egov.individual.search.path,ctc,individual/v1/_search,CONFLICT
egov.individual.search.path,lock-svc,individual/v1/_search,CONFLICT
egov.individual.search.path,order,individual/v1/_search,CONFLICT
egov.individual.search.path,task,individual/v1/_search,CONFLICT
egov.individual.update.path,advocate,individual/v1/_update,CONFLICT
egov.individual.update.path,case,individual/v1/_update,CONFLICT
egov.individual.update.path,ctc,individual/v1/_update,CONFLICT
egov.individual.update.path,order,individual/v1/_update,CONFLICT
egov.individual.update.path,task,individual/v1/_update,CONFLICT
egov.infra.indexer.host,bail-bond,http://localhost:9200/,CONFLICT
egov.infra.indexer.host,ctc,http://localhost:9200/,CONFLICT
egov.localization.context.path,Notification,/localization/messages/v1,CONFLICT
egov.localization.context.path,ab-diary,/localization/messages/v1,CONFLICT
egov.localization.context.path,advocate,/localization/messages/v1,CONFLICT
egov.localization.context.path,advocate-office-management,/localization/messages/v1,CONFLICT
egov.localization.context.path,bail-bond,/localization/messages/v1,CONFLICT
egov.localization.context.path,case,/localization/messages/v1,CONFLICT
egov.localization.context.path,digitalized-documents,/localization/messages/v1,CONFLICT
egov.localization.context.path,order,/localization/messages/v1,CONFLICT
egov.localization.context.path,task,/localization/messages/v1,CONFLICT
egov.localization.host,Notification,https://dev.digit.org,CONFLICT
egov.localization.host,ab-diary,https://dev.digit.org,CONFLICT
egov.localization.host,advocate,https://dev.digit.org,CONFLICT
egov.localization.host,advocate-office-management,https://dev.digit.org,CONFLICT
egov.localization.host,bail-bond,https://dev.digit.org,CONFLICT
egov.localization.host,case,https://dev.digit.org,CONFLICT
egov.localization.host,ctc,http://localhost:8080,CONFLICT
egov.localization.host,digitalized-documents,https://dev.digit.org,CONFLICT
egov.localization.host,order,http://localhost:8080,CONFLICT
egov.localization.host,task,https://dev.digit.org,CONFLICT
egov.localization.search.endpoint,Notification,/_search,CONFLICT
egov.localization.search.endpoint,ab-diary,/_search,CONFLICT
egov.localization.search.endpoint,advocate,/_search,CONFLICT
egov.localization.search.endpoint,advocate-office-management,/_search,CONFLICT
egov.localization.search.endpoint,bail-bond,/_search,CONFLICT
egov.localization.search.endpoint,case,/localization/messages/v1/_search,CONFLICT
egov.localization.search.endpoint,ctc,/localization/messages/v1/_search,CONFLICT
egov.localization.search.endpoint,digitalized-documents,/_search,CONFLICT
egov.localization.search.endpoint,order,/_search,CONFLICT
egov.localization.search.endpoint,task,/_search,CONFLICT
egov.localization.statelevel,Notification,true,CONFLICT
egov.localization.statelevel,ab-diary,true,CONFLICT
egov.localization.statelevel,advocate,true,CONFLICT
egov.localization.statelevel,advocate-office-management,true,CONFLICT
egov.localization.statelevel,bail-bond,true,CONFLICT
egov.localization.statelevel,case,true,CONFLICT
egov.localization.statelevel,ctc,true,CONFLICT
egov.localization.statelevel,digitalized-documents,true,CONFLICT
egov.localization.statelevel,order,true,CONFLICT
egov.localization.statelevel,task,true,CONFLICT
egov.localization.workDir.path,Notification,/localization/messages/v1,CONFLICT
egov.localization.workDir.path,ab-diary,/localization/messages/v1,CONFLICT
egov.localization.workDir.path,advocate,/localization/messages/v1,CONFLICT
egov.localization.workDir.path,advocate-office-management,/localization/messages/v1,CONFLICT
egov.localization.workDir.path,bail-bond,/localization/messages/v1,CONFLICT
egov.localization.workDir.path,case,/localization/messages/v1,CONFLICT
egov.localization.workDir.path,digitalized-documents,/localization/messages/v1,CONFLICT
egov.localization.workDir.path,order,/localization/messages/v1,CONFLICT
egov.localization.workDir.path,task,/localization/messages/v1,CONFLICT
egov.long.url,bail-bond,%s?tenant=%s&bailbondId=%s,CONFLICT
egov.long.url,digitalized-documents,%s?tenant=%s&digitalizedDocumentId=%s&type=%s,CONFLICT
egov.mdms.host,Notification,https://dev.digit.org,CONFLICT
egov.mdms.host,ab-diary,https://dev.digit.org,CONFLICT
egov.mdms.host,advocate,http://localhost:8085,CONFLICT
egov.mdms.host,advocate-office-management,http://localhost:8084,CONFLICT
egov.mdms.host,bail-bond,http://localhost:8084,CONFLICT
egov.mdms.host,case,http://localhost:8084,CONFLICT
egov.mdms.host,ctc,http://localhost:8084,CONFLICT
egov.mdms.host,digitalized-documents,https://dev.digit.org,CONFLICT
egov.mdms.host,e-sign-svc,https://dev.digit.org,CONFLICT
egov.mdms.host,epost-tracker,http://localhost:8090,CONFLICT
egov.mdms.host,inportal-survey,http://localhost:8081,CONFLICT
egov.mdms.host,lock-svc,https://dev.digit.org,CONFLICT
egov.mdms.host,order,http://localhost:8084,CONFLICT
egov.mdms.host,payment-calculator-svc,http://localhost:8020,CONFLICT
egov.mdms.host,task,https://dev.digit.org,CONFLICT
egov.mdms.search.endpoint,Notification,/egov-mdms-service/v1/_search,CONFLICT
egov.mdms.search.endpoint,ab-diary,/egov-mdms-service/v1/_search,CONFLICT
egov.mdms.search.endpoint,advocate,/egov-mdms-service/v1/_search,CONFLICT
egov.mdms.search.endpoint,advocate-office-management,/egov-mdms-service/v1/_search,CONFLICT
egov.mdms.search.endpoint,bail-bond,/egov-mdms-service/v1/_search,CONFLICT
egov.mdms.search.endpoint,case,/egov-mdms-service/v1/_search,CONFLICT
egov.mdms.search.endpoint,ctc,/egov-mdms-service/v1/_search,CONFLICT
egov.mdms.search.endpoint,digitalized-documents,/egov-mdms-service/v1/_search,CONFLICT
egov.mdms.search.endpoint,e-sign-svc,/egov-mdms-service/v1/_search,CONFLICT
egov.mdms.search.endpoint,epost-tracker,/egov-mdms-service/v1/_search,CONFLICT
egov.mdms.search.endpoint,inportal-survey,/egov-mdms-service/v1/_search,CONFLICT
egov.mdms.search.endpoint,lock-svc,/egov-mdms-service/v1/_search,CONFLICT
egov.mdms.search.endpoint,order,/egov-mdms-service/v1/_search,CONFLICT
egov.mdms.search.endpoint,payment-calculator-svc,/egov-mdms-service/v1/_search,CONFLICT
egov.mdms.search.endpoint,task,/egov-mdms-service/v1/_search,CONFLICT
egov.order.host,case,http://localhost:8086,CONFLICT
egov.order.host,task,http://localhost:8085/,CONFLICT
egov.pdf.service.create.endpoint,ab-diary,/pdf-service/v1/_createnosave,CONFLICT
egov.pdf.service.create.endpoint,epost-tracker,/pdf-service/v1/_createnosave,CONFLICT
egov.pdf.service.host,ab-diary,http://localhost:8080,CONFLICT
egov.pdf.service.host,epost-tracker,http://localhost:8087,CONFLICT
egov.sms.notification.admission.hearing.scheduled.template.id,case,1107173140979241046,CONFLICT
egov.sms.notification.admission.hearing.scheduled.template.id,order,1107173140979241046,CONFLICT
egov.sms.notification.topic,Notification,egov.core.notification.sms,CONFLICT
egov.sms.notification.topic,ab-diary,egov.core.notification.sms,CONFLICT
egov.sms.notification.topic,advocate,egov.core.notification.sms,CONFLICT
egov.sms.notification.topic,advocate-office-management,egov.core.notification.sms,CONFLICT
egov.sms.notification.topic,bail-bond,egov.core.notification.sms,CONFLICT
egov.sms.notification.topic,case,egov.core.notification.sms,CONFLICT
egov.sms.notification.topic,digitalized-documents,egov.core.notification.sms,CONFLICT
egov.sms.notification.topic,e-sign-svc,egov.core.notification.sms,CONFLICT
egov.sms.notification.topic,inportal-survey,egov.core.notification.sms,CONFLICT
egov.sms.notification.topic,order,egov.core.notification.sms,CONFLICT
egov.sms.notification.topic,payment-calculator-svc,egov.core.notification.sms,CONFLICT
egov.sms.notification.topic,task,egov.core.notification.sms,CONFLICT
egov.sms.notification.warrant.issued.template.id,order,1107173208546405882,CONFLICT
egov.sms.notification.warrant.issued.template.id,task,1107173141211634147,CONFLICT
egov.tenantId,ab-diary,pb,CONFLICT
egov.tenantId,ctc,pb,CONFLICT
egov.tenantId,order,pb,CONFLICT
egov.url.shortener.expire.endpoint,bail-bond,/eus/expireTheURL,CONFLICT
egov.url.shortener.expire.endpoint,digitalized-documents,/eus/expireTheURL,CONFLICT
egov.url.shortner.endpoint,Notification,/egov-url-shortening/shortener,CONFLICT
egov.url.shortner.endpoint,ab-diary,/egov-url-shortening/shortener,CONFLICT
egov.url.shortner.endpoint,advocate,/egov-url-shortening/shortener,CONFLICT
egov.url.shortner.endpoint,advocate-office-management,/egov-url-shortening/shortener,CONFLICT
egov.url.shortner.endpoint,bail-bond,/eus/shortener,CONFLICT
egov.url.shortner.endpoint,case,/egov-url-shortening/shortener,CONFLICT
egov.url.shortner.endpoint,digitalized-documents,/eus/shortener,CONFLICT
egov.url.shortner.endpoint,order,/egov-url-shortening/shortener,CONFLICT
egov.url.shortner.endpoint,task,/egov-url-shortening/shortener,CONFLICT
egov.url.shortner.host,Notification,https://dev.digit.org,CONFLICT
egov.url.shortner.host,ab-diary,https://dev.digit.org,CONFLICT
egov.url.shortner.host,advocate,https://dev.digit.org,CONFLICT
egov.url.shortner.host,advocate-office-management,https://dev.digit.org,CONFLICT
egov.url.shortner.host,bail-bond,http://localhost:8090,CONFLICT
egov.url.shortner.host,case,https://dev.digit.org,CONFLICT
egov.url.shortner.host,digitalized-documents,http://localhost:8090,CONFLICT
egov.url.shortner.host,order,https://dev.digit.org,CONFLICT
egov.url.shortner.host,task,https://dev.digit.org,CONFLICT
egov.user.context.path,Notification,/user/users,CONFLICT
egov.user.context.path,ab-diary,/user/users,CONFLICT
egov.user.context.path,advocate,/user/users,CONFLICT
egov.user.context.path,advocate-office-management,/user/users,CONFLICT
egov.user.context.path,bail-bond,/user/users,CONFLICT
egov.user.context.path,case,/user/users,CONFLICT
egov.user.context.path,digitalized-documents,/user/users,CONFLICT
egov.user.context.path,lock-svc,/user/users,CONFLICT
egov.user.context.path,order,/user/users,CONFLICT
egov.user.context.path,task,/user/users,CONFLICT
egov.user.create.path,Notification,/_createnovalidate,CONFLICT
egov.user.create.path,ab-diary,/_createnovalidate,CONFLICT
egov.user.create.path,advocate,/_createnovalidate,CONFLICT
egov.user.create.path,advocate-office-management,/_createnovalidate,CONFLICT
egov.user.create.path,bail-bond,/_createnovalidate,CONFLICT
egov.user.create.path,case,/_createnovalidate,CONFLICT
egov.user.create.path,digitalized-documents,/_createnovalidate,CONFLICT
egov.user.create.path,epost-tracker,/user/users/_createnovalidate,CONFLICT
egov.user.create.path,lock-svc,/_createnovalidate,CONFLICT
egov.user.create.path,order,/_createnovalidate,CONFLICT
egov.user.create.path,task,/_createnovalidate,CONFLICT
egov.user.host,Notification,https://dev.digit.org,CONFLICT
egov.user.host,ab-diary,https://dev.digit.org,CONFLICT
egov.user.host,advocate,http://localhost:8086,CONFLICT
egov.user.host,advocate-office-management,https://dev.digit.org,CONFLICT
egov.user.host,bail-bond,https://dev.digit.org,CONFLICT
egov.user.host,case,http://localhost:8086,CONFLICT
egov.user.host,digitalized-documents,https://dev.digit.org,CONFLICT
egov.user.host,epost-tracker,http://localhost:7090,CONFLICT
egov.user.host,lock-svc,https://dev.digit.org,CONFLICT
egov.user.host,order,http://localhost:8086,CONFLICT
egov.user.host,task,https://dev.digit.org,CONFLICT
egov.user.search.path,Notification,/user/_search,CONFLICT
egov.user.search.path,ab-diary,/user/v1/_search,CONFLICT
egov.user.search.path,advocate,/user/_search,CONFLICT
egov.user.search.path,advocate-office-management,/user/_search,CONFLICT
egov.user.search.path,bail-bond,/user/_search,CONFLICT
egov.user.search.path,case,/user/_search,CONFLICT
egov.user.search.path,digitalized-documents,/user/_search,CONFLICT
egov.user.search.path,epost-tracker,/user/v1/_search,CONFLICT
egov.user.search.path,lock-svc,/user/_search,CONFLICT
egov.user.search.path,order,/user/_search,CONFLICT
egov.user.search.path,task,/user/v1/_search,CONFLICT
egov.user.update.path,Notification,/_updatenovalidate,CONFLICT
egov.user.update.path,ab-diary,/_updatenovalidate,CONFLICT
egov.user.update.path,advocate,/_updatenovalidate,CONFLICT
egov.user.update.path,advocate-office-management,/_updatenovalidate,CONFLICT
egov.user.update.path,bail-bond,/_updatenovalidate,CONFLICT
egov.user.update.path,case,/_updatenovalidate,CONFLICT
egov.user.update.path,digitalized-documents,/_updatenovalidate,CONFLICT
egov.user.update.path,lock-svc,/_updatenovalidate,CONFLICT
egov.user.update.path,order,/_updatenovalidate,CONFLICT
egov.user.update.path,task,/_updatenovalidate,CONFLICT
egov.workflow.businessservice.search.path,Notification,/egov-workflow-v2/egov-wf/businessservice/_search,CONFLICT
egov.workflow.businessservice.search.path,ab-diary,/egov-workflow-v2/egov-wf/businessservice/_search,CONFLICT
egov.workflow.businessservice.search.path,advocate,/egov-workflow-v2/egov-wf/businessservice/_search,CONFLICT
egov.workflow.businessservice.search.path,advocate-office-management,/egov-workflow-v2/egov-wf/businessservice/_search,CONFLICT
egov.workflow.businessservice.search.path,bail-bond,/egov-workflow-v2/egov-wf/businessservice/_search,CONFLICT
egov.workflow.businessservice.search.path,case,/egov-workflow-v2/egov-wf/businessservice/_search,CONFLICT
egov.workflow.businessservice.search.path,ctc,/egov-workflow-v2/egov-wf/businessservice/_search,CONFLICT
egov.workflow.businessservice.search.path,digitalized-documents,/egov-workflow-v2/egov-wf/businessservice/_search,CONFLICT
egov.workflow.businessservice.search.path,order,/egov-workflow-v2/egov-wf/businessservice/_search,CONFLICT
egov.workflow.businessservice.search.path,task,/egov-workflow-v2/egov-wf/businessservice/_search,CONFLICT
egov.workflow.host,Notification,https://dev.digit.org,CONFLICT
egov.workflow.host,ab-diary,http://localhost:9000,CONFLICT
egov.workflow.host,advocate,http://localhost:8088,CONFLICT
egov.workflow.host,advocate-office-management,https://dev.digit.org,CONFLICT
egov.workflow.host,bail-bond,https://dev.digit.org,CONFLICT
egov.workflow.host,case,http://localhost:8083,CONFLICT
egov.workflow.host,ctc,http://localhost:8083,CONFLICT
egov.workflow.host,digitalized-documents,http://localhost:8050,CONFLICT
egov.workflow.host,order,http://localhost:8083,CONFLICT
egov.workflow.host,task,http://localhost:8083,CONFLICT
egov.workflow.processinstance.search.path,Notification,/egov-workflow-v2/egov-wf/process/_search,CONFLICT
egov.workflow.processinstance.search.path,ab-diary,/egov-workflow-v2/egov-wf/process/_search,CONFLICT
egov.workflow.processinstance.search.path,advocate,/egov-workflow-v2/egov-wf/process/_search,CONFLICT
egov.workflow.processinstance.search.path,advocate-office-management,/egov-workflow-v2/egov-wf/process/_search,CONFLICT
egov.workflow.processinstance.search.path,bail-bond,/egov-workflow-v2/egov-wf/process/_search,CONFLICT
egov.workflow.processinstance.search.path,case,/egov-workflow-v2/egov-wf/process/_search,CONFLICT
egov.workflow.processinstance.search.path,ctc,/egov-workflow-v2/egov-wf/process/_search,CONFLICT
egov.workflow.processinstance.search.path,digitalized-documents,/egov-workflow-v2/egov-wf/process/_search,CONFLICT
egov.workflow.processinstance.search.path,order,/egov-workflow-v2/egov-wf/process/_search,CONFLICT
egov.workflow.processinstance.search.path,task,/egov-workflow-v2/egov-wf/process/_search,CONFLICT
egov.workflow.transition.path,Notification,/egov-workflow-v2/egov-wf/process/_transition,CONFLICT
egov.workflow.transition.path,ab-diary,/egov-workflow-v2/egov-wf/process/_transition,CONFLICT
egov.workflow.transition.path,advocate,/egov-workflow-v2/egov-wf/process/_transition,CONFLICT
egov.workflow.transition.path,advocate-office-management,/egov-workflow-v2/egov-wf/process/_transition,CONFLICT
egov.workflow.transition.path,bail-bond,/egov-workflow-v2/egov-wf/process/_transition,CONFLICT
egov.workflow.transition.path,case,/egov-workflow-v2/egov-wf/process/_transition,CONFLICT
egov.workflow.transition.path,ctc,/egov-workflow-v2/egov-wf/process/_transition,CONFLICT
egov.workflow.transition.path,digitalized-documents,/egov-workflow-v2/egov-wf/process/_transition,CONFLICT
egov.workflow.transition.path,order,/egov-workflow-v2/egov-wf/process/_transition,CONFLICT
egov.workflow.transition.path,task,/egov-workflow-v2/egov-wf/process/_transition,CONFLICT
etreasury.payment.receipt.endpoint,case,/etreasury/payment/v1/_getPaymentReceipt,CONFLICT
etreasury.payment.receipt.endpoint,task,/etreasury/payment/v1/_getPaymentReceipt,CONFLICT
file.max.size,bail-bond,10485760,CONFLICT
file.max.size,ctc,10485760,CONFLICT
file.max.size,digitalized-documents,10485760,CONFLICT
file.max.size,task,10485760,CONFLICT
is.workflow.enabled,Notification,true,CONFLICT
is.workflow.enabled,ab-diary,true,CONFLICT
is.workflow.enabled,advocate,true,CONFLICT
is.workflow.enabled,advocate-office-management,true,CONFLICT
is.workflow.enabled,bail-bond,true,CONFLICT
is.workflow.enabled,case,true,CONFLICT
is.workflow.enabled,ctc,true,CONFLICT
is.workflow.enabled,digitalized-documents,true,CONFLICT
is.workflow.enabled,order,true,CONFLICT
is.workflow.enabled,task,true,CONFLICT
kafka.consumer.config.auto_commit,Notification,true,CONFLICT
kafka.consumer.config.auto_commit,ab-diary,true,CONFLICT
kafka.consumer.config.auto_commit,advocate,true,CONFLICT
kafka.consumer.config.auto_commit,advocate-office-management,true,CONFLICT
kafka.consumer.config.auto_commit,bail-bond,true,CONFLICT
kafka.consumer.config.auto_commit,case,true,CONFLICT
kafka.consumer.config.auto_commit,ctc,true,CONFLICT
kafka.consumer.config.auto_commit,digitalized-documents,true,CONFLICT
kafka.consumer.config.auto_commit,e-sign-svc,true,CONFLICT
kafka.consumer.config.auto_commit,epost-tracker,true,CONFLICT
kafka.consumer.config.auto_commit,inportal-survey,true,CONFLICT
kafka.consumer.config.auto_commit,lock-svc,true,CONFLICT
kafka.consumer.config.auto_commit,order,true,CONFLICT
kafka.consumer.config.auto_commit,payment-calculator-svc,true,CONFLICT
kafka.consumer.config.auto_commit,task,true,CONFLICT
kafka.consumer.config.auto_commit,template-configuration,true,CONFLICT
kafka.consumer.config.auto_commit_interval,Notification,100,CONFLICT
kafka.consumer.config.auto_commit_interval,ab-diary,100,CONFLICT
kafka.consumer.config.auto_commit_interval,advocate,100,CONFLICT
kafka.consumer.config.auto_commit_interval,advocate-office-management,100,CONFLICT
kafka.consumer.config.auto_commit_interval,bail-bond,100,CONFLICT
kafka.consumer.config.auto_commit_interval,case,100,CONFLICT
kafka.consumer.config.auto_commit_interval,ctc,100,CONFLICT
kafka.consumer.config.auto_commit_interval,digitalized-documents,100,CONFLICT
kafka.consumer.config.auto_commit_interval,e-sign-svc,100,CONFLICT
kafka.consumer.config.auto_commit_interval,epost-tracker,100,CONFLICT
kafka.consumer.config.auto_commit_interval,inportal-survey,100,CONFLICT
kafka.consumer.config.auto_commit_interval,lock-svc,100,CONFLICT
kafka.consumer.config.auto_commit_interval,order,100,CONFLICT
kafka.consumer.config.auto_commit_interval,payment-calculator-svc,100,CONFLICT
kafka.consumer.config.auto_commit_interval,task,100,CONFLICT
kafka.consumer.config.auto_commit_interval,template-configuration,100,CONFLICT
kafka.consumer.config.auto_offset_reset,Notification,earliest,CONFLICT
kafka.consumer.config.auto_offset_reset,ab-diary,earliest,CONFLICT
kafka.consumer.config.auto_offset_reset,advocate,earliest,CONFLICT
kafka.consumer.config.auto_offset_reset,advocate-office-management,earliest,CONFLICT
kafka.consumer.config.auto_offset_reset,bail-bond,earliest,CONFLICT
kafka.consumer.config.auto_offset_reset,case,earliest,CONFLICT
kafka.consumer.config.auto_offset_reset,ctc,earliest,CONFLICT
kafka.consumer.config.auto_offset_reset,digitalized-documents,earliest,CONFLICT
kafka.consumer.config.auto_offset_reset,e-sign-svc,earliest,CONFLICT
kafka.consumer.config.auto_offset_reset,epost-tracker,earliest,CONFLICT
kafka.consumer.config.auto_offset_reset,inportal-survey,earliest,CONFLICT
kafka.consumer.config.auto_offset_reset,lock-svc,earliest,CONFLICT
kafka.consumer.config.auto_offset_reset,order,earliest,CONFLICT
kafka.consumer.config.auto_offset_reset,payment-calculator-svc,earliest,CONFLICT
kafka.consumer.config.auto_offset_reset,task,earliest,CONFLICT
kafka.consumer.config.auto_offset_reset,template-configuration,earliest,CONFLICT
kafka.consumer.config.session_timeout,Notification,15000,CONFLICT
kafka.consumer.config.session_timeout,ab-diary,15000,CONFLICT
kafka.consumer.config.session_timeout,advocate,15000,CONFLICT
kafka.consumer.config.session_timeout,advocate-office-management,15000,CONFLICT
kafka.consumer.config.session_timeout,bail-bond,15000,CONFLICT
kafka.consumer.config.session_timeout,case,15000,CONFLICT
kafka.consumer.config.session_timeout,ctc,15000,CONFLICT
kafka.consumer.config.session_timeout,digitalized-documents,15000,CONFLICT
kafka.consumer.config.session_timeout,e-sign-svc,15000,CONFLICT
kafka.consumer.config.session_timeout,epost-tracker,15000,CONFLICT
kafka.consumer.config.session_timeout,inportal-survey,15000,CONFLICT
kafka.consumer.config.session_timeout,lock-svc,15000,CONFLICT
kafka.consumer.config.session_timeout,order,15000,CONFLICT
kafka.consumer.config.session_timeout,payment-calculator-svc,15000,CONFLICT
kafka.consumer.config.session_timeout,task,15000,CONFLICT
kafka.consumer.config.session_timeout,template-configuration,15000,CONFLICT
kafka.producer.config.batch_size_config,Notification,16384,CONFLICT
kafka.producer.config.batch_size_config,ab-diary,16384,CONFLICT
kafka.producer.config.batch_size_config,advocate,16384,CONFLICT
kafka.producer.config.batch_size_config,advocate-office-management,16384,CONFLICT
kafka.producer.config.batch_size_config,bail-bond,16384,CONFLICT
kafka.producer.config.batch_size_config,case,16384,CONFLICT
kafka.producer.config.batch_size_config,ctc,16384,CONFLICT
kafka.producer.config.batch_size_config,digitalized-documents,16384,CONFLICT
kafka.producer.config.batch_size_config,e-sign-svc,16384,CONFLICT
kafka.producer.config.batch_size_config,epost-tracker,16384,CONFLICT
kafka.producer.config.batch_size_config,inportal-survey,16384,CONFLICT
kafka.producer.config.batch_size_config,lock-svc,16384,CONFLICT
kafka.producer.config.batch_size_config,order,16384,CONFLICT
kafka.producer.config.batch_size_config,payment-calculator-svc,16384,CONFLICT
kafka.producer.config.batch_size_config,task,16384,CONFLICT
kafka.producer.config.batch_size_config,template-configuration,16384,CONFLICT
kafka.producer.config.buffer_memory_config,Notification,33554432,CONFLICT
kafka.producer.config.buffer_memory_config,ab-diary,33554432,CONFLICT
kafka.producer.config.buffer_memory_config,advocate,33554432,CONFLICT
kafka.producer.config.buffer_memory_config,advocate-office-management,33554432,CONFLICT
kafka.producer.config.buffer_memory_config,bail-bond,33554432,CONFLICT
kafka.producer.config.buffer_memory_config,case,33554432,CONFLICT
kafka.producer.config.buffer_memory_config,ctc,33554432,CONFLICT
kafka.producer.config.buffer_memory_config,digitalized-documents,33554432,CONFLICT
kafka.producer.config.buffer_memory_config,e-sign-svc,33554432,CONFLICT
kafka.producer.config.buffer_memory_config,epost-tracker,33554432,CONFLICT
kafka.producer.config.buffer_memory_config,inportal-survey,33554432,CONFLICT
kafka.producer.config.buffer_memory_config,lock-svc,33554432,CONFLICT
kafka.producer.config.buffer_memory_config,order,33554432,CONFLICT
kafka.producer.config.buffer_memory_config,payment-calculator-svc,33554432,CONFLICT
kafka.producer.config.buffer_memory_config,task,33554432,CONFLICT
kafka.producer.config.buffer_memory_config,template-configuration,33554432,CONFLICT
kafka.producer.config.linger_ms_config,Notification,1,CONFLICT
kafka.producer.config.linger_ms_config,ab-diary,1,CONFLICT
kafka.producer.config.linger_ms_config,advocate,1,CONFLICT
kafka.producer.config.linger_ms_config,advocate-office-management,1,CONFLICT
kafka.producer.config.linger_ms_config,bail-bond,1,CONFLICT
kafka.producer.config.linger_ms_config,case,1,CONFLICT
kafka.producer.config.linger_ms_config,ctc,1,CONFLICT
kafka.producer.config.linger_ms_config,digitalized-documents,1,CONFLICT
kafka.producer.config.linger_ms_config,e-sign-svc,1,CONFLICT
kafka.producer.config.linger_ms_config,epost-tracker,1,CONFLICT
kafka.producer.config.linger_ms_config,inportal-survey,1,CONFLICT
kafka.producer.config.linger_ms_config,lock-svc,1,CONFLICT
kafka.producer.config.linger_ms_config,order,1,CONFLICT
kafka.producer.config.linger_ms_config,payment-calculator-svc,1,CONFLICT
kafka.producer.config.linger_ms_config,task,1,CONFLICT
kafka.producer.config.linger_ms_config,template-configuration,1,CONFLICT
kafka.producer.config.retries_config,Notification,0,CONFLICT
kafka.producer.config.retries_config,ab-diary,0,CONFLICT
kafka.producer.config.retries_config,advocate,0,CONFLICT
kafka.producer.config.retries_config,advocate-office-management,0,CONFLICT
kafka.producer.config.retries_config,bail-bond,0,CONFLICT
kafka.producer.config.retries_config,case,0,CONFLICT
kafka.producer.config.retries_config,ctc,0,CONFLICT
kafka.producer.config.retries_config,digitalized-documents,0,CONFLICT
kafka.producer.config.retries_config,e-sign-svc,0,CONFLICT
kafka.producer.config.retries_config,epost-tracker,0,CONFLICT
kafka.producer.config.retries_config,inportal-survey,0,CONFLICT
kafka.producer.config.retries_config,lock-svc,0,CONFLICT
kafka.producer.config.retries_config,order,0,CONFLICT
kafka.producer.config.retries_config,payment-calculator-svc,0,CONFLICT
kafka.producer.config.retries_config,task,0,CONFLICT
kafka.producer.config.retries_config,template-configuration,0,CONFLICT
kafka.topics.consumer,Notification,service-consumer-topic,CONFLICT
kafka.topics.consumer,ab-diary,service-consumer-topic,CONFLICT
kafka.topics.consumer,advocate,save-advocate-application,CONFLICT
kafka.topics.consumer,advocate-office-management,service-consumer-topic,CONFLICT
kafka.topics.consumer,bail-bond,service-consumer-topic,CONFLICT
kafka.topics.consumer,digitalized-documents,service-consumer-topic,CONFLICT
kafka.topics.consumer,inportal-survey,service-consumer-topic,CONFLICT
kafka.topics.consumer,task,service-consumer-topic,CONFLICT
kafka.topics.receipt.create,Notification,dss-collection,CONFLICT
kafka.topics.receipt.create,ab-diary,dss-collection,CONFLICT
kafka.topics.receipt.create,advocate,dss-collection,CONFLICT
kafka.topics.receipt.create,advocate-office-management,dss-collection,CONFLICT
kafka.topics.receipt.create,bail-bond,dss-collection,CONFLICT
kafka.topics.receipt.create,case,egov.collection.payment-create,CONFLICT
kafka.topics.receipt.create,ctc,dss-collection,CONFLICT
kafka.topics.receipt.create,digitalized-documents,dss-collection,CONFLICT
kafka.topics.receipt.create,e-sign-svc,dss-collection,CONFLICT
kafka.topics.receipt.create,inportal-survey,dss-collection,CONFLICT
kafka.topics.receipt.create,lock-svc,dss-collection,CONFLICT
kafka.topics.receipt.create,order,dss-collection,CONFLICT
kafka.topics.receipt.create,payment-calculator-svc,dss-collection,CONFLICT
kafka.topics.receipt.create,task,egov.collection.payment-create,CONFLICT
leave.office.kafka.create.topic,advocate-office-management,leave-advocate-office,CONFLICT
leave.office.kafka.create.topic,case,leave-advocate-office,CONFLICT
logging.level.root,Notification,INFO,CONFLICT
logging.level.root,ab-diary,INFO,CONFLICT
logging.level.root,advocate,INFO,CONFLICT
logging.level.root,bail-bond,INFO,CONFLICT
logging.level.root,case,INFO,CONFLICT
logging.level.root,ctc,INFO,CONFLICT
logging.level.root,e-sign-svc,INFO,CONFLICT
logging.level.root,epost-tracker,INFO,CONFLICT
logging.level.root,esign-interceptor,INFO,CONFLICT
logging.level.root,inportal-survey,INFO,CONFLICT
logging.level.root,lock-svc,INFO,CONFLICT
logging.level.root,order,INFO,CONFLICT
logging.level.root,payment-calculator-svc,INFO,CONFLICT
logging.level.root,task,INFO,CONFLICT
logging.level.root,template-configuration,INFO,CONFLICT
logging.loki.enabled,Notification,false,CONFLICT
logging.loki.enabled,ab-diary,false,CONFLICT
logging.loki.enabled,advocate,false,CONFLICT
logging.loki.enabled,bail-bond,false,CONFLICT
logging.loki.enabled,case,false,CONFLICT
logging.loki.enabled,ctc,false,CONFLICT
logging.loki.enabled,e-sign-svc,false,CONFLICT
logging.loki.enabled,epost-tracker,false,CONFLICT
logging.loki.enabled,esign-interceptor,false,CONFLICT
logging.loki.enabled,inportal-survey,false,CONFLICT
logging.loki.enabled,lock-svc,false,CONFLICT
logging.loki.enabled,order,false,CONFLICT
logging.loki.enabled,payment-calculator-svc,false,CONFLICT
logging.loki.enabled,task,false,CONFLICT
logging.loki.enabled,template-configuration,false,CONFLICT
logging.loki.url,Notification,http://localhost:3100/loki/api/v1/push,CONFLICT
logging.loki.url,ab-diary,http://localhost:3100/loki/api/v1/push,CONFLICT
logging.loki.url,advocate,http://localhost:3100/loki/api/v1/push,CONFLICT
logging.loki.url,bail-bond,http://localhost:3100/loki/api/v1/push,CONFLICT
logging.loki.url,case,http://localhost:3100/loki/api/v1/push,CONFLICT
logging.loki.url,ctc,http://localhost:3100/loki/api/v1/push,CONFLICT
logging.loki.url,e-sign-svc,http://localhost:3100/loki/api/v1/push,CONFLICT
logging.loki.url,epost-tracker,http://localhost:3100/loki/api/v1/push,CONFLICT
logging.loki.url,esign-interceptor,http://localhost:3100/loki/api/v1/push,CONFLICT
logging.loki.url,inportal-survey,http://localhost:3100/loki/api/v1/push,CONFLICT
logging.loki.url,lock-svc,http://localhost:3100/loki/api/v1/push,CONFLICT
logging.loki.url,order,http://localhost:3100/loki/api/v1/push,CONFLICT
logging.loki.url,payment-calculator-svc,http://localhost:3100/loki/api/v1/push,CONFLICT
logging.loki.url,task,http://localhost:3100/loki/api/v1/push,CONFLICT
logging.loki.url,template-configuration,http://localhost:3100/loki/api/v1/push,CONFLICT
otel.exporter.otlp.endpoint,Notification,http://jaeger-collector.tracing:4318,CONFLICT
otel.exporter.otlp.endpoint,ab-diary,http://jaeger-collector.tracing:4318,CONFLICT
otel.exporter.otlp.endpoint,advocate,http://jaeger-collector.tracing:4318,CONFLICT
otel.exporter.otlp.endpoint,advocate-office-management,http://jaeger-collector.tracing:4318,CONFLICT
otel.exporter.otlp.endpoint,bail-bond,http://jaeger-collector.tracing:4318,CONFLICT
otel.exporter.otlp.endpoint,bank-details,http://jaeger-collector.tracing:4318,CONFLICT
otel.exporter.otlp.endpoint,case,http://jaeger-collector.tracing:4318,CONFLICT
otel.exporter.otlp.endpoint,digitalized-documents,http://jaeger-collector.tracing:4318,CONFLICT
otel.exporter.otlp.endpoint,e-sign-svc,http://jaeger-collector.tracing:4318,CONFLICT
otel.exporter.otlp.endpoint,epost-tracker,http://jaeger-collector.tracing:4318,CONFLICT
otel.exporter.otlp.endpoint,esign-interceptor,http://jaeger-collector.tracing:4318,CONFLICT
otel.exporter.otlp.endpoint,inportal-survey,http://jaeger-collector.tracing:4318,CONFLICT
otel.exporter.otlp.endpoint,lock-svc,http://jaeger-collector.tracing:4318,CONFLICT
otel.exporter.otlp.endpoint,order,http://jaeger-collector.tracing:4318,CONFLICT
otel.exporter.otlp.endpoint,payment-calculator-svc,http://jaeger-collector.tracing:4318,CONFLICT
otel.exporter.otlp.endpoint,task,http://jaeger-collector.tracing:4318,CONFLICT
otel.exporter.otlp.endpoint,template-configuration,http://jaeger-collector.tracing:4318,CONFLICT
otel.exporter.otlp.protocol,Notification,http/protobuf,CONFLICT
otel.exporter.otlp.protocol,ab-diary,http/protobuf,CONFLICT
otel.exporter.otlp.protocol,advocate,http/protobuf,CONFLICT
otel.exporter.otlp.protocol,advocate-office-management,http/protobuf,CONFLICT
otel.exporter.otlp.protocol,bail-bond,http/protobuf,CONFLICT
otel.exporter.otlp.protocol,bank-details,http/protobuf,CONFLICT
otel.exporter.otlp.protocol,case,http/protobuf,CONFLICT
otel.exporter.otlp.protocol,digitalized-documents,http/protobuf,CONFLICT
otel.exporter.otlp.protocol,e-sign-svc,http/protobuf,CONFLICT
otel.exporter.otlp.protocol,epost-tracker,http/protobuf,CONFLICT
otel.exporter.otlp.protocol,esign-interceptor,http/protobuf,CONFLICT
otel.exporter.otlp.protocol,inportal-survey,http/protobuf,CONFLICT
otel.exporter.otlp.protocol,lock-svc,http/protobuf,CONFLICT
otel.exporter.otlp.protocol,order,http/protobuf,CONFLICT
otel.exporter.otlp.protocol,payment-calculator-svc,http/protobuf,CONFLICT
otel.exporter.otlp.protocol,task,http/protobuf,CONFLICT
otel.exporter.otlp.protocol,template-configuration,http/protobuf,CONFLICT
otel.instrumentation.http.server.ignore-urls,Notification,"/notification/health,/notification/prometheus",CONFLICT
otel.instrumentation.http.server.ignore-urls,ab-diary,"/ab-diary/health,/ab-diary/prometheus",CONFLICT
otel.instrumentation.http.server.ignore-urls,advocate,"/advocate/health,/advocate/prometheus",CONFLICT
otel.instrumentation.http.server.ignore-urls,advocate-office-management,"/advocate-office-management/health,/advocate-office-management/prometheus",CONFLICT
otel.instrumentation.http.server.ignore-urls,bail-bond,"/bail-bond/health,/bail-bond/prometheus",CONFLICT
otel.instrumentation.http.server.ignore-urls,bank-details,"/bank-details/health,/bank-details/prometheus",CONFLICT
otel.instrumentation.http.server.ignore-urls,case,"/case/health,/case/prometheus",CONFLICT
otel.instrumentation.http.server.ignore-urls,digitalized-documents,"/digitalized-documents/health,/digitalized-documents/prometheus",CONFLICT
otel.instrumentation.http.server.ignore-urls,e-sign-svc,"/e-sign-svc/health,/e-sign-svc/prometheus",CONFLICT
otel.instrumentation.http.server.ignore-urls,epost-tracker,"/epost-tracker/health,/epost-tracker/prometheus",CONFLICT
otel.instrumentation.http.server.ignore-urls,esign-interceptor,"/esign-interceptor/health,/esign-interceptor/prometheus",CONFLICT
otel.instrumentation.http.server.ignore-urls,inportal-survey,"/inportal-survey/health,/inportal-survey/prometheus",CONFLICT
otel.instrumentation.http.server.ignore-urls,lock-svc,"/lock-svc/health,/lock-svc/prometheus",CONFLICT
otel.instrumentation.http.server.ignore-urls,order,"/order/health,/order/prometheus",CONFLICT
otel.instrumentation.http.server.ignore-urls,payment-calculator-svc,"/payment-calculator/health,/payment-calculator/prometheus",CONFLICT
otel.instrumentation.http.server.ignore-urls,task,"/task/health,/task/prometheus",CONFLICT
otel.instrumentation.http.server.ignore-urls,template-configuration,"/template-configuration/health,/template-configuration/prometheus",CONFLICT
otel.instrumentation.kafka.enabled,Notification,true,CONFLICT
otel.instrumentation.kafka.enabled,ab-diary,true,CONFLICT
otel.instrumentation.kafka.enabled,advocate,true,CONFLICT
otel.instrumentation.kafka.enabled,advocate-office-management,true,CONFLICT
otel.instrumentation.kafka.enabled,bail-bond,true,CONFLICT
otel.instrumentation.kafka.enabled,bank-details,true,CONFLICT
otel.instrumentation.kafka.enabled,case,true,CONFLICT
otel.instrumentation.kafka.enabled,digitalized-documents,true,CONFLICT
otel.instrumentation.kafka.enabled,e-sign-svc,true,CONFLICT
otel.instrumentation.kafka.enabled,epost-tracker,true,CONFLICT
otel.instrumentation.kafka.enabled,esign-interceptor,true,CONFLICT
otel.instrumentation.kafka.enabled,inportal-survey,true,CONFLICT
otel.instrumentation.kafka.enabled,lock-svc,true,CONFLICT
otel.instrumentation.kafka.enabled,order,true,CONFLICT
otel.instrumentation.kafka.enabled,payment-calculator-svc,true,CONFLICT
otel.instrumentation.kafka.enabled,task,true,CONFLICT
otel.instrumentation.kafka.enabled,template-configuration,true,CONFLICT
otel.instrumentation.kafka.experimental-span-attributes,Notification,true,CONFLICT
otel.instrumentation.kafka.experimental-span-attributes,ab-diary,true,CONFLICT
otel.instrumentation.kafka.experimental-span-attributes,advocate,true,CONFLICT
otel.instrumentation.kafka.experimental-span-attributes,advocate-office-management,true,CONFLICT
otel.instrumentation.kafka.experimental-span-attributes,bail-bond,true,CONFLICT
otel.instrumentation.kafka.experimental-span-attributes,bank-details,true,CONFLICT
otel.instrumentation.kafka.experimental-span-attributes,case,true,CONFLICT
otel.instrumentation.kafka.experimental-span-attributes,digitalized-documents,true,CONFLICT
otel.instrumentation.kafka.experimental-span-attributes,e-sign-svc,true,CONFLICT
otel.instrumentation.kafka.experimental-span-attributes,epost-tracker,true,CONFLICT
otel.instrumentation.kafka.experimental-span-attributes,esign-interceptor,true,CONFLICT
otel.instrumentation.kafka.experimental-span-attributes,inportal-survey,true,CONFLICT
otel.instrumentation.kafka.experimental-span-attributes,lock-svc,true,CONFLICT
otel.instrumentation.kafka.experimental-span-attributes,order,true,CONFLICT
otel.instrumentation.kafka.experimental-span-attributes,payment-calculator-svc,true,CONFLICT
otel.instrumentation.kafka.experimental-span-attributes,task,true,CONFLICT
otel.instrumentation.kafka.experimental-span-attributes,template-configuration,true,CONFLICT
otel.logs.exporter,Notification,none,CONFLICT
otel.logs.exporter,ab-diary,none,CONFLICT
otel.logs.exporter,advocate,none,CONFLICT
otel.logs.exporter,advocate-office-management,none,CONFLICT
otel.logs.exporter,bail-bond,none,CONFLICT
otel.logs.exporter,bank-details,none,CONFLICT
otel.logs.exporter,case,none,CONFLICT
otel.logs.exporter,digitalized-documents,none,CONFLICT
otel.logs.exporter,e-sign-svc,none,CONFLICT
otel.logs.exporter,epost-tracker,none,CONFLICT
otel.logs.exporter,esign-interceptor,none,CONFLICT
otel.logs.exporter,inportal-survey,none,CONFLICT
otel.logs.exporter,lock-svc,none,CONFLICT
otel.logs.exporter,order,none,CONFLICT
otel.logs.exporter,payment-calculator-svc,none,CONFLICT
otel.logs.exporter,task,none,CONFLICT
otel.logs.exporter,template-configuration,none,CONFLICT
otel.metrics.exporter,Notification,none,CONFLICT
otel.metrics.exporter,ab-diary,none,CONFLICT
otel.metrics.exporter,advocate,none,CONFLICT
otel.metrics.exporter,advocate-office-management,none,CONFLICT
otel.metrics.exporter,bail-bond,none,CONFLICT
otel.metrics.exporter,bank-details,none,CONFLICT
otel.metrics.exporter,case,none,CONFLICT
otel.metrics.exporter,digitalized-documents,none,CONFLICT
otel.metrics.exporter,e-sign-svc,none,CONFLICT
otel.metrics.exporter,epost-tracker,none,CONFLICT
otel.metrics.exporter,esign-interceptor,none,CONFLICT
otel.metrics.exporter,inportal-survey,none,CONFLICT
otel.metrics.exporter,lock-svc,none,CONFLICT
otel.metrics.exporter,order,none,CONFLICT
otel.metrics.exporter,payment-calculator-svc,none,CONFLICT
otel.metrics.exporter,task,none,CONFLICT
otel.metrics.exporter,template-configuration,none,CONFLICT
otel.traces.exporter,Notification,otlp,CONFLICT
otel.traces.exporter,ab-diary,otlp,CONFLICT
otel.traces.exporter,advocate,otlp,CONFLICT
otel.traces.exporter,advocate-office-management,otlp,CONFLICT
otel.traces.exporter,bail-bond,otlp,CONFLICT
otel.traces.exporter,bank-details,otlp,CONFLICT
otel.traces.exporter,case,otlp,CONFLICT
otel.traces.exporter,digitalized-documents,otlp,CONFLICT
otel.traces.exporter,e-sign-svc,otlp,CONFLICT
otel.traces.exporter,epost-tracker,otlp,CONFLICT
otel.traces.exporter,esign-interceptor,otlp,CONFLICT
otel.traces.exporter,inportal-survey,otlp,CONFLICT
otel.traces.exporter,lock-svc,otlp,CONFLICT
otel.traces.exporter,order,otlp,CONFLICT
otel.traces.exporter,payment-calculator-svc,otlp,CONFLICT
otel.traces.exporter,task,otlp,CONFLICT
otel.traces.exporter,template-configuration,otlp,CONFLICT
spring.redis.host,advocate-office-management,localhost,CONFLICT
spring.redis.host,case,localhost,CONFLICT
spring.redis.host,ctc,localhost,CONFLICT
spring.redis.port,advocate-office-management,6379,CONFLICT
spring.redis.port,case,6379,CONFLICT
spring.redis.port,ctc,6379,CONFLICT
spring.redis.timeout,advocate-office-management,10,CONFLICT
spring.redis.timeout,case,10,CONFLICT
spring.redis.timeout,ctc,10,CONFLICT
state.level.tenant.id,bail-bond,pb,CONFLICT
state.level.tenant.id,case,pb,CONFLICT
state.level.tenant.id,task,pb,CONFLICT
task.join.case.approved.topic,case,join-case-approved-state,CONFLICT
task.join.case.approved.topic,task,join-case-approved-state,CONFLICT
task.join.case.rejected.topic,case,join-case-rejected-state,CONFLICT
task.join.case.rejected.topic,task,join-case-rejected-state,CONFLICT
task.kafka.join.case.update.topic,case,update-task-application,CONFLICT
task.kafka.join.case.update.topic,task,join-case-task-application,CONFLICT
aDiary.pdf.template.key,ab-diary,aDiary-format,SERVICE-SPECIFIC
advClerk.kafka.create.topic,advocate,save-advocate-clerk,SERVICE-SPECIFIC
advClerk.kafka.update.topic,advocate,update-advocate-clerk-application,SERVICE-SPECIFIC
advocate.kafka.create.topic,advocate,save-advocate-application,SERVICE-SPECIFIC
advocate.kafka.update.topic,advocate,update-advocate-application,SERVICE-SPECIFIC
advocate.office.case.member.analytics.topic,case,advocate-office-case-member-analytics,SERVICE-SPECIFIC
advocate.office.case.member.save.topic,case,save-advocate-office-case-member,SERVICE-SPECIFIC
advocate.office.case.member.update.topic,case,update-advocate-office-case-member,SERVICE-SPECIFIC
app.kafka.topics.save.ctc.application,ctc,save-ctc-application,SERVICE-SPECIFIC
app.kafka.topics.update.ctc.application,ctc,update-ctc-application,SERVICE-SPECIFIC
app.kafka.topics.update.ctc.documents,ctc,update-ctc-documents,SERVICE-SPECIFIC
application.fees,ctc,20.0,SERVICE-SPECIFIC
bDiary.pdf.template.key,ab-diary,bDiary-format,SERVICE-SPECIFIC
bail.bond.index,bail-bond,bail-bond-index,SERVICE-SPECIFIC
bail.created.sms.for.litigant,bail-bond,1107175559678594632,SERVICE-SPECIFIC
bail.created.sms.for.surety,bail-bond,1107175559686804088,SERVICE-SPECIFIC
bail.kafka.create.topic,bail-bond,save-bail-application,SERVICE-SPECIFIC
bail.kafka.update.topic,bail-bond,update-bail-application,SERVICE-SPECIFIC
batch.size,case,50,SERVICE-SPECIFIC
booked.delivery.status.list,epost-tracker,BOOKED,SERVICE-SPECIFIC
break.down.code,ctc,CTC_APPLICATION_FEE,SERVICE-SPECIFIC
break.down.type,ctc,Ctc Application Fee,SERVICE-SPECIFIC
case.conversion.topic,case,update-case-conversion,SERVICE-SPECIFIC
case.kafka.add.address.topic,case,add-address,SERVICE-SPECIFIC
case.kafka.create.topic,case,save-case-application,SERVICE-SPECIFIC
case.kafka.edit.topic,case,edit-case,SERVICE-SPECIFIC
case.kafka.status.update.topic,case,update-case-status-application,SERVICE-SPECIFIC
caseDiary.create.topic,ab-diary,save-diary,SERVICE-SPECIFIC
config.application.payment.pending,case,00 30 18 * * *,SERVICE-SPECIFIC
config.case.esign.pending,case,00 00 18 * * *,SERVICE-SPECIFIC
court.enabled,ab-diary,true,SERVICE-SPECIFIC
court.id,ab-diary,KLKM52,SERVICE-SPECIFIC
create.feed.back.topic,inportal-survey,insert-feed-back-topic,SERVICE-SPECIFIC
create.survey.tracker.topic,inportal-survey,create-survey-tracker-topic,SERVICE-SPECIFIC
cron.case.reassigned.expression,case,0 0 18 * * *,SERVICE-SPECIFIC
ctc.application.tracker.index,ctc,ctc-application-tracker-index,SERVICE-SPECIFIC
ctc.issue.documents.index,ctc,issue-ctc-documents,SERVICE-SPECIFIC
decryption.abac.enabled,case,true,SERVICE-SPECIFIC
default.postal.hub,epost-tracker,Kochi NSH,SERVICE-SPECIFIC
diary.kafka.update.topic,ab-diary,update-diary,SERVICE-SPECIFIC
diaryentry.kafka.create.topic,ab-diary,create-diary-entry,SERVICE-SPECIFIC
diaryentry.kafka.update.topic,ab-diary,update-diary-entry,SERVICE-SPECIFIC
drishti.esign.endpoint,esign-interceptor,/e-sign-svc/v1/_signed,SERVICE-SPECIFIC
drishti.esign.host,esign-interceptor,http://localhost:8051,SERVICE-SPECIFIC
drishti.esign.landing.page.redirect.url,esign-interceptor,/landing,SERVICE-SPECIFIC
drishti.esign.redirect.url,esign-interceptor,https://dristi-kerala-dev.pucar.org,SERVICE-SPECIFIC
drishti.oath.endpoint,esign-interceptor,user/oauth/token?_=1713357247536,SERVICE-SPECIFIC
drishti.oath.host,esign-interceptor,https://dristi-kerala-dev.pucar.org/,SERVICE-SPECIFIC
drishti.postalhub.create.topic,payment-calculator-svc,postal-hub-create,SERVICE-SPECIFIC
drishti.postalhub.update.topic,payment-calculator-svc,postal-hub-update,SERVICE-SPECIFIC
drishti.summon.pages.count,payment-calculator-svc,2,SERVICE-SPECIFIC
dristhi.oath.grantType,esign-interceptor,password,SERVICE-SPECIFIC
dristhi.oath.password,esign-interceptor,Beehyv@123,SERVICE-SPECIFIC
dristhi.oath.scope,esign-interceptor,read,SERVICE-SPECIFIC
dristhi.oath.tenantId,esign-interceptor,pb,SERVICE-SPECIFIC
dristhi.oath.username,esign-interceptor,esigninterceptor,SERVICE-SPECIFIC
dristhi.oath.usertype,esign-interceptor,EMPLOYEE,SERVICE-SPECIFIC
dristi.advocate.host,task,http://localhost:8053,SERVICE-SPECIFIC
dristi.advocate.search.endpoint,task,/advocate/v1/_search,SERVICE-SPECIFIC
dristi.analytics.create.pendingtask,task,/analytics/pending_task/v1/create,SERVICE-SPECIFIC
dristi.analytics.host,task,http://localhost:8060,SERVICE-SPECIFIC
dristi.bar.registration.number.format,advocate,"^K/(?!0+/)(\\d{1,6})/\\d{4}$",SERVICE-SPECIFIC
dristi.case.host,advocate-office-management,http://localhost:9091,SERVICE-SPECIFIC
dristi.case.member.search.endpoint,advocate-office-management,/case/v1/_searchCaseMember,SERVICE-SPECIFIC
dristi.esign.host,task,http://localhost:8052,SERVICE-SPECIFIC
dristi.esign.location.endpoint,task,/e-sign-svc/v1/_getLocation,SERVICE-SPECIFIC
dristi.individual.host,advocate-office-management,http://localhost:8081,SERVICE-SPECIFIC
dristi.individual.search.endpoint,advocate-office-management,/individual/v1/_search,SERVICE-SPECIFIC
dristi.notification.create.topic,Notification,create-notification,SERVICE-SPECIFIC
dristi.notification.update.topic,Notification,update-notification,SERVICE-SPECIFIC
dristi.process.case.member.endpoint,advocate-office-management,/case/v1/_processCaseMember,SERVICE-SPECIFIC
dristi.summon.host,task,http://localhost:8090,SERVICE-SPECIFIC
dristi.summon.send.summon.path,task,/summons-svc/summons/v1/_sendSummons,SERVICE-SPECIFIC
egov.additional.join.case.kafka.topic,case,join-case-update-case-additional-details,SERVICE-SPECIFIC
egov.analytics.host,case,http://localhost:8088/,SERVICE-SPECIFIC
egov.analytics.path,case,/analytics/pending_task/v1/create,SERVICE-SPECIFIC
egov.billing.host,case,http://localhost:8086,SERVICE-SPECIFIC
egov.billingservice.demand.search.endpoint,task,/billing-service/demand/_search,SERVICE-SPECIFIC
egov.billingservice.demand.update.endpoint,task,/billing-service/demand/_update,SERVICE-SPECIFIC
egov.billingservice.host,task,http://localhost:8031,SERVICE-SPECIFIC
egov.billingservice.search.bill,task,/billing-service/bill/v2/_search,SERVICE-SPECIFIC
egov.case.edit.path,task,case/v1/admin/edit_case,SERVICE-SPECIFIC
egov.case.filing.payment.calculator.endpoint,case,payment-calculator/v1/case/fees/_calculate,SERVICE-SPECIFIC
egov.case.list.search.path,ctc,/case/v2/search/list,SERVICE-SPECIFIC
egov.case.outcome.topic,case,case-outcome-topic,SERVICE-SPECIFIC
egov.case.overall.status.topic,case,case-overall-status-topic,SERVICE-SPECIFIC
egov.default.user.password,case,Dristi@123,SERVICE-SPECIFIC
egov.default.user.username,case,case-cron-job,SERVICE-SPECIFIC
egov.demand.create.endpoint,case,/billing-service/demand/_create,SERVICE-SPECIFIC
egov.documenttype.path,order,$.MdmsRes.Order.DocumentType[?(@.value == '{}' && @.isActive == true)],SERVICE-SPECIFIC
egov.dristi.case.pdf.host,case,http://localhost:8090,SERVICE-SPECIFIC
egov.dristi.case.pdf.path,case,/dristi-case-pdf/v1/generateCasePdf,SERVICE-SPECIFIC
egov.dristi.pdf.ctc,ctc,/egov-pdf/ctc-certification,SERVICE-SPECIFIC
egov.dristi.pdf.host,ctc,http://localhost:8070,SERVICE-SPECIFIC
egov.enc.mdms.security.policy.bail.decrypt,bail-bond,BailDecrypt,SERVICE-SPECIFIC
egov.enc.mdms.security.policy.bail.encrypt,bail-bond,BailEncrypt,SERVICE-SPECIFIC
egov.enc.mdms.security.policy.case.decrypt.self,case,CaseDecryptSelfNew,SERVICE-SPECIFIC
egov.enc.mdms.security.policy.case.decrypt.self.new,case,CaseDecryptSelfNew,SERVICE-SPECIFIC
egov.enc.mdms.security.policy.court.case,case,CourtCaseNew,SERVICE-SPECIFIC
egov.enc.mdms.security.policy.court.case.new,case,CourtCaseNew,SERVICE-SPECIFIC
egov.enc.mdms.security.policy.court.decrypt.other,case,CaseDecryptOther,SERVICE-SPECIFIC
egov.etreasury.payment.receipt.endpoint,ctc,/etreasury/payment/v1/_getPaymentReceipt,SERVICE-SPECIFIC
egov.evidence.create.path,case,/evidence/v1/_create,SERVICE-SPECIFIC
egov.evidence.host,case,http://localhost:8089,SERVICE-SPECIFIC
egov.evidence.search.path,case,/evidence/v1/_search,SERVICE-SPECIFIC
egov.filestore.case.module,case,case,SERVICE-SPECIFIC
egov.filestore.caseDiary.module,ab-diary,caseDiary,SERVICE-SPECIFIC
egov.filestore.create.endpoint,e-sign-svc,filestore/v1/files,SERVICE-SPECIFIC
egov.filestore.delete.endpoint,e-sign-svc,/filestore/v1/files/delete,SERVICE-SPECIFIC
egov.filestore.module,epost-tracker,epost-report,SERVICE-SPECIFIC
egov.hearing.path,case,hearing/v1/update_transcript_additional_attendees,SERVICE-SPECIFIC
egov.idgen.advConfig,advocate,user.registration.advocate,SERVICE-SPECIFIC
egov.idgen.advFormat,advocate,[TENANT_ID]-ADV-[SEQ_REG_ADV]-[cy:yyyy],SERVICE-SPECIFIC
egov.idgen.advocate.application.number.id.name,advocate,advocate.application_number,SERVICE-SPECIFIC
egov.idgen.advocate.clerk.application.number.id.name,advocate,advocate_clerk.application_number,SERVICE-SPECIFIC
egov.idgen.bailConfig,bail-bond,case.bail.[TENANT_ID],SERVICE-SPECIFIC
egov.idgen.bailFormat,bail-bond,BA[SEQ_BAIL_[TENANT_ID]],SERVICE-SPECIFIC
egov.idgen.bailIdFormat,task,BL[SEQ_BAIL_[TENANT_ID]],SERVICE-SPECIFIC
egov.idgen.caConfig,ctc,ca.[TENANT_ID],SERVICE-SPECIFIC
egov.idgen.caFormat,ctc,CA/[SEQ_CA_[TENANT_ID]],SERVICE-SPECIFIC
egov.idgen.caseCNRConfig,case,case.cnr.[TENANT_ID],SERVICE-SPECIFIC
egov.idgen.caseCNRFormat,case,[TENANT_ID][SEQ_CNR_[TENANT_ID]][cy:yyyy],SERVICE-SPECIFIC
egov.idgen.caseFilingConfig,case,case.filingnumber,SERVICE-SPECIFIC
egov.idgen.caseFilingFormat,case,[TENANT_ID]-[SEQ_FILING_NUMBER]-[cy:yyyy],SERVICE-SPECIFIC
egov.idgen.caseFilingNumberCp,case,case.filing_number_cp,SERVICE-SPECIFIC
egov.idgen.caseFilingNumberNia,case,case.filing_number_nia,SERVICE-SPECIFIC
egov.idgen.caseNumberCc,case,case.casenumber_cc,SERVICE-SPECIFIC
egov.idgen.caseNumberWp,case,case.casenumber_wp,SERVICE-SPECIFIC
egov.idgen.clerkConfig,advocate,user.registration.advocate.clerk,SERVICE-SPECIFIC
egov.idgen.clerkFormat,advocate,[TENANT_ID]-CLERK-[SEQ_REG_CLERK]-[cy:yyyy],SERVICE-SPECIFIC
egov.idgen.cmpConfig,case,case.cmp.[TENANT_ID],SERVICE-SPECIFIC
egov.idgen.cmpFormat,case,CMP/[SEQ_CMP_[TENANT_ID]]/[cy:yyyy],SERVICE-SPECIFIC
egov.idgen.courtCaseCCFormat,case,CC/[SEQ_CCST_[TENANT_ID]]/[cy:yyyy],SERVICE-SPECIFIC
egov.idgen.courtCaseConfig,case,case.ccst.[TENANT_ID],SERVICE-SPECIFIC
egov.idgen.courtCaseSTFormat,case,ST/[SEQ_CCST_[TENANT_ID]],SERVICE-SPECIFIC
egov.idgen.digitalized.document.config,digitalized-documents,case.digitalizedDocument[TENANT_ID],SERVICE-SPECIFIC
egov.idgen.digitalized.document.format,digitalized-documents,DD[SEQ_DIGITALIZED_DOCUMENT_[TENANT_ID]],SERVICE-SPECIFIC
egov.idgen.lprConfig,case,case.lpr.[TENANT_ID],SERVICE-SPECIFIC
egov.idgen.lprFormat,case,LP/[SEQ_LPR_[TENANT_ID]],SERVICE-SPECIFIC
egov.idgen.name,epost-tracker,epost.sh,SERVICE-SPECIFIC
egov.idgen.notification.config,Notification,court-notification.[TENANT_ID],SERVICE-SPECIFIC
egov.idgen.notification.format,Notification,[TENANT_ID][SEQ_NT_[TENANT_ID]][cy:yyyy]-NT,SERVICE-SPECIFIC
egov.idgen.summonIdFormat,task,SM[SEQ_SUMMONS[TENANT_ID]],SERVICE-SPECIFIC
egov.idgen.taskBailConfig,task,case.bail.[TENANT_ID],SERVICE-SPECIFIC
egov.idgen.taskConfig,task,case.task.[TENANT_ID],SERVICE-SPECIFIC
egov.idgen.taskFormat,task,TK[SEQ_TASK_[TENANT_ID]],SERVICE-SPECIFIC
egov.idgen.taskNumber,task,task.task_number,SERVICE-SPECIFIC
egov.idgen.taskSummonsConfig,task,case.summons.[TENANT_ID],SERVICE-SPECIFIC
egov.idgen.taskWarrantConfig,task,case.warrant.[TENANT_ID],SERVICE-SPECIFIC
egov.idgen.warrantIdFormat,task,WR[SEQ_WARRANT_[TENANT_ID]],SERVICE-SPECIFIC
egov.inbox.host,case,http://localhost:8080,SERVICE-SPECIFIC
egov.inbox.search.endpoint,case,/inbox/v2/index/_search,SERVICE-SPECIFIC
egov.kafka.order.save.topic,order,save-order-application,SERVICE-SPECIFIC
egov.kafka.order.update.topic,order,update-order-application,SERVICE-SPECIFIC
egov.kafka.order.update.uniqueid.topic,order,update-order-uniqueid,SERVICE-SPECIFIC
egov.kafka.template.save.topic,template-configuration,save-template-configuration,SERVICE-SPECIFIC
egov.kafka.template.update.topic,template-configuration,update-template-configuration,SERVICE-SPECIFIC
egov.litigant.join.case.kafka.topic,case,litigant-join-case,SERVICE-SPECIFIC
egov.mail.notification.topic,bail-bond,egov.core.notification.email,SERVICE-SPECIFIC
egov.mdms.epost.master.name,epost-tracker,PostalHubs,SERVICE-SPECIFIC
egov.mdms.epost.module.name,epost-tracker,Epost,SERVICE-SPECIFIC
egov.mdms.epost.username.master.name,epost-tracker,PostalHubAndUserName,SERVICE-SPECIFIC
egov.mdms.epost.username.module.name,epost-tracker,Epost,SERVICE-SPECIFIC
egov.mdms.itemtext,order,ItemText,SERVICE-SPECIFIC
egov.mdms.order.nonoverlapping.composite.orders,order,NonOverlappingCompositeOrders,SERVICE-SPECIFIC
egov.mdms.order.nonrepeating.composite.orders,order,NonRepeatingCompositeOrders,SERVICE-SPECIFIC
egov.mdms.survey.master.name,inportal-survey,SurveyConfig,SERVICE-SPECIFIC
egov.mdms.survey.module.name,inportal-survey,survey,SERVICE-SPECIFIC
egov.mediation.base.url,digitalized-documents,/ui/citizen/dristi/home/mediation-form-sign,SERVICE-SPECIFIC
egov.mediation.digitalized.document.create.topic,digitalized-documents,create-mediation-digitalized-document,SERVICE-SPECIFIC
egov.mediation.digitalized.document.update.topic,digitalized-documents,update-mediation-digitalized-document,SERVICE-SPECIFIC
egov.order.path,task,order/v1/exists,SERVICE-SPECIFIC
egov.order.search.endpoint,case,/order/v1/search,SERVICE-SPECIFIC
egov.order.search.path,task,order/v1/search,SERVICE-SPECIFIC
egov.payment.calculator.endpoint,case,payment-calculator/v1/join-case/fees/_calculate,SERVICE-SPECIFIC
egov.payment.calculator.host,case,http://localhost:8088/,SERVICE-SPECIFIC
egov.pdf.service.template.key,epost-tracker,ePostMonthlyReport,SERVICE-SPECIFIC
egov.pending.advocate.request.join.case.kafka.topic,case,join-case-update-pending-advocate-requests,SERVICE-SPECIFIC
egov.plea.digitalized.document.create.topic,digitalized-documents,create-plea-digitalized-document,SERVICE-SPECIFIC
egov.plea.digitalized.document.update.topic,digitalized-documents,update-plea-digitalized-document,SERVICE-SPECIFIC
egov.poa.join.case.kafka.topic,case,poa-join-case,SERVICE-SPECIFIC
egov.representative.join.case.kafka.topic,case,representative-join-case,SERVICE-SPECIFIC
egov.sms.case.filed.time,case,18:00:00,SERVICE-SPECIFIC
egov.sms.errors.pending.duration,case,20,SERVICE-SPECIFIC
egov.sms.hearing.scheduled.time,order,18:00:00,SERVICE-SPECIFIC
egov.sms.notification.accept.profile.request.template.id,case,1107174288687840084,SERVICE-SPECIFIC
egov.sms.notification.additional.information.template.id,order,1107173141491180586,SERVICE-SPECIFIC
egov.sms.notification.advocate.esign.pending.template.id,case,1107172387418497063,SERVICE-SPECIFIC
egov.sms.notification.advocate.join.case.template.id,case,1107173141343330583,SERVICE-SPECIFIC
egov.sms.notification.advocate.registered.template.id,advocate,1107173141029658591,SERVICE-SPECIFIC
egov.sms.notification.appearance.published.template.id,order,1107173141403813788,SERVICE-SPECIFIC
egov.sms.notification.case.admitted.template.id,case,1107175326409491957,SERVICE-SPECIFIC
egov.sms.notification.case.decision.available.template.id,order,1107173141346675121,SERVICE-SPECIFIC
egov.sms.notification.case.dismissed.template.id,case,1107173140993413972,SERVICE-SPECIFIC
egov.sms.notification.case.fso.send.back.template.id,case,1107175326216043212,SERVICE-SPECIFIC
egov.sms.notification.case.fso.validate.template.id,case,1107173140954072520,SERVICE-SPECIFIC
egov.sms.notification.case.judge.assigned.template.id,case,1107173141362337167,SERVICE-SPECIFIC
egov.sms.notification.case.judge.register.template.id,case,1107174288665718004,SERVICE-SPECIFIC
egov.sms.notification.case.judge.send.back.template.id,case,1107173140971111474,SERVICE-SPECIFIC
egov.sms.notification.case.payment.complete.template.id,case,1107175326197767280,SERVICE-SPECIFIC
egov.sms.notification.case.submit.template.id,case,1107173140936377182,SERVICE-SPECIFIC
egov.sms.notification.errors.pending.template.id,case,1107175326340549011,SERVICE-SPECIFIC
egov.sms.notification.esign.pending.template.id,case,1107173140926258117,SERVICE-SPECIFIC
egov.sms.notification.evidence.accused.published.template.id,order,1107173141393186324,SERVICE-SPECIFIC
egov.sms.notification.evidence.complainant.published.template.id,order,1107173141398780629,SERVICE-SPECIFIC
egov.sms.notification.evidence.requested.template.id,order,1107173141506896189,SERVICE-SPECIFIC
egov.sms.notification.examination.sign.template.id,digitalized-documents,1107176603406563703,SERVICE-SPECIFIC
egov.sms.notification.examination.under.s351.bnss.scheduled.template.id,order,1107173141387963545,SERVICE-SPECIFIC
egov.sms.notification.hearing.reScheduled.template.id,order,1107175326252933950,SERVICE-SPECIFIC
egov.sms.notification.hearing.scheduled.template.id,order,1107175326224742246,SERVICE-SPECIFIC
egov.sms.notification.judge.issue.order.template.id,order,1107175326262754069,SERVICE-SPECIFIC
egov.sms.notification.judge.scheduled.variable.hearing.template.id,order,1107173141035526317,SERVICE-SPECIFIC
egov.sms.notification.mediation.sign.template.id,digitalized-documents,1107176603398185990,SERVICE-SPECIFIC
egov.sms.notification.new.user.join.template.id,case,1107173141372574295,SERVICE-SPECIFIC
egov.sms.notification.new.witness.added.for.others.template.id,case,1107173141170998728,SERVICE-SPECIFIC
egov.sms.notification.new.witness.added.template.id,case,1107173141164285641,SERVICE-SPECIFIC
egov.sms.notification.next.hearing.scheduled.template.id,order,1107173140989184457,SERVICE-SPECIFIC
egov.sms.notification.notice.delivered.template.id,task,1107173208521638845,SERVICE-SPECIFIC
egov.sms.notification.notice.delivery.failed.template.id,task,1107173208517164581,SERVICE-SPECIFIC
egov.sms.notification.notice.issued.template.id,order,1107173208512438988,SERVICE-SPECIFIC
egov.sms.notification.order.published.template.id,order,1107173141458644457,SERVICE-SPECIFIC
egov.sms.notification.payment.pending.template.id,case,1107173140875730865,SERVICE-SPECIFIC
egov.sms.notification.plea.sign.template.id,digitalized-documents,1107176603393307408,SERVICE-SPECIFIC
egov.sms.notification.process.fee.payment.template.id,task,1107175326279842674,SERVICE-SPECIFIC
egov.sms.notification.reject.profile.request.template.id,case,1107174288723185952,SERVICE-SPECIFIC
egov.sms.notification.summons.delivered.template.id,task,1107173141487000359,SERVICE-SPECIFIC
egov.sms.notification.summons.delivery.failed.template.id,task,1107173141482978551,SERVICE-SPECIFIC
egov.sms.notification.summons.issued.template.id,order,1107173141474813965,SERVICE-SPECIFIC
egov.sms.notification.template.id,case,1107160154159857008,SERVICE-SPECIFIC
egov.sms.notification.vakalatnama.filed.template.id,case,1107175326351498010,SERVICE-SPECIFIC
egov.sms.notification.warrant.delivered.template.id,task,1107173141221527377,SERVICE-SPECIFIC
egov.sms.notification.warrant.issued.success.template.id,task,1107173141215369130,SERVICE-SPECIFIC
egov.sms.notification.warrant.not.delivered.template.id,task,1107173141225243685,SERVICE-SPECIFIC
egov.sms.order.issued.time,order,18:00:00,SERVICE-SPECIFIC
egov.sms.vakalatnama.filed.time,case,18:00:00,SERVICE-SPECIFIC
egov.summons.host,epost-tracker,http://egov-summons:8080,SERVICE-SPECIFIC
egov.summons.update.endpoint,epost-tracker,/summons-svc/summons/v1/_updateSummons,SERVICE-SPECIFIC
egov.task.service.create.endpoint,case,/task/v1/create,SERVICE-SPECIFIC
egov.task.service.host,case,http://localhost:8080,SERVICE-SPECIFIC
egov.task.service.search.endpoint,case,/task/v1/search,SERVICE-SPECIFIC
egov.task.service.update.endpoint,case,/task/v1/update,SERVICE-SPECIFIC
egov.update.additional.join.case.kafka.topic,case,join-case-update-case-additional-details-v2,SERVICE-SPECIFIC
egov.update.representative.join.case.kafka.topic,case,update-representative-join-case,SERVICE-SPECIFIC
egov.user.notification.period,case,30,SERVICE-SPECIFIC
egov.workflow.advocate-clerk.business.name,advocate,user-registration,SERVICE-SPECIFIC
egov.workflow.advocate-clerk.business.service.name,advocate,user-registration-advocate-clerk,SERVICE-SPECIFIC
egov.workflow.advocate.business.name,advocate,user-registration,SERVICE-SPECIFIC
egov.workflow.advocate.business.service.name,advocate,user-registration-advocate,SERVICE-SPECIFIC
egov.workflow.bail.business.name,bail-bond,bail-bond,SERVICE-SPECIFIC
egov.workflow.bail.business.service.name,bail-bond,bail-bond-default,SERVICE-SPECIFIC
egov.workflow.case.business.name,case,case,SERVICE-SPECIFIC
egov.workflow.case.business.service.name,case,case-default,SERVICE-SPECIFIC
egov.workflow.case.diary.business.name,ab-diary,case,SERVICE-SPECIFIC
egov.workflow.case.diary.business.service.name,ab-diary,case-a-diary,SERVICE-SPECIFIC
egov.workflow.ctc.business.name,ctc,ctc,SERVICE-SPECIFIC
egov.workflow.ctc.business.service.name,ctc,ctc-default,SERVICE-SPECIFIC
egov.workflow.digitalized.document.module.name,digitalized-documents,digitalized-document,SERVICE-SPECIFIC
egov.workflow.examination.of.accused.digitalized.document.business.service,digitalized-documents,digitalized-document-examination,SERVICE-SPECIFIC
egov.workflow.mediation.digitalized.document.business.service,digitalized-documents,digitalized-document-mediation,SERVICE-SPECIFIC
egov.workflow.order.business.name,order,order,SERVICE-SPECIFIC
egov.workflow.order.business.service.name,order,order-default,SERVICE-SPECIFIC
egov.workflow.order.judgement.business.name,order,order,SERVICE-SPECIFIC
egov.workflow.order.judgement.business.service.name,order,order-default,SERVICE-SPECIFIC
egov.workflow.please.digitalized.document.business.service,digitalized-documents,digitalized-document-plea,SERVICE-SPECIFIC
egov.workflow.task.attachment.business.name,task,task,SERVICE-SPECIFIC
egov.workflow.task.attachment.business.service.name,task,task-attachment,SERVICE-SPECIFIC
egov.workflow.task.bail.business.name,task,task,SERVICE-SPECIFIC
egov.workflow.task.bail.business.service.name,task,task-bail,SERVICE-SPECIFIC
egov.workflow.task.business.name,task,task,SERVICE-SPECIFIC
egov.workflow.task.business.service.name,task,task-default,SERVICE-SPECIFIC
egov.workflow.task.generic.business.name,task,task,SERVICE-SPECIFIC
egov.workflow.task.generic.business.service.name,task,task-generic,SERVICE-SPECIFIC
egov.workflow.task.join.case.business.name,task,task,SERVICE-SPECIFIC
egov.workflow.task.join.case.business.service.name,task,task-join-case,SERVICE-SPECIFIC
egov.workflow.task.miscellaneous.business.name,task,task,SERVICE-SPECIFIC
egov.workflow.task.miscellaneous.business.service.name,task,miscellaneuos-process,SERVICE-SPECIFIC
egov.workflow.task.notice.business.name,task,task,SERVICE-SPECIFIC
egov.workflow.task.notice.business.service.name,task,task-notice,SERVICE-SPECIFIC
egov.workflow.task.payment.business.name,task,task,SERVICE-SPECIFIC
egov.workflow.task.payment.business.service.name,task,task-payment,SERVICE-SPECIFIC
egov.workflow.task.proclamation.business.name,task,task,SERVICE-SPECIFIC
egov.workflow.task.proclamation.business.service.name,task,task-proclamation,SERVICE-SPECIFIC
egov.workflow.task.summon.business.name,task,task,SERVICE-SPECIFIC
egov.workflow.task.summon.business.service.name,task,task-summons,SERVICE-SPECIFIC
egov.workflow.task.warrant.business.name,task,task,SERVICE-SPECIFIC
egov.workflow.task.warrant.business.service.name,task,task-warrant,SERVICE-SPECIFIC
email.epost.recipients,epost-tracker,hemadri.pragada@beehyv.com,SERVICE-SPECIFIC
email.epost.subject,epost-tracker,E-Post Monthly Report,SERVICE-SPECIFIC
email.epost.template.code,epost-tracker,POSTAL_HUB_MONTHLY_REPORT,SERVICE-SPECIFIC
email.topic,epost-tracker,egov.core.notification.email,SERVICE-SPECIFIC
epost.ack,epost-tracker,FALSE,SERVICE-SPECIFIC
epost.alt.address.flag,epost-tracker,FALSE,SERVICE-SPECIFIC
epost.otp,epost-tracker,FALSE,SERVICE-SPECIFIC
epost.physical.weight,epost-tracker,25,SERVICE-SPECIFIC
epost.reg,epost-tracker,FALSE,SERVICE-SPECIFIC
epost.sender.address.line.one,epost-tracker,"24x7 ON Court, 1st Floor, District Court Complex",SERVICE-SPECIFIC
epost.sender.address.line.two,epost-tracker,"Kollam, Kerala, 691013",SERVICE-SPECIFIC
epost.sender.city,epost-tracker,Kollam,SERVICE-SPECIFIC
epost.sender.mobile.no,epost-tracker,047 - 42919099,SERVICE-SPECIFIC
epost.sender.name,epost-tracker,24x7 ON court,SERVICE-SPECIFIC
epost.sender.pin.code,epost-tracker,691013,SERVICE-SPECIFIC
epost.sender.state,epost-tracker,Kerala,SERVICE-SPECIFIC
epost.tracker.cron.expression,epost-tracker,0 0 1 1 * ?,SERVICE-SPECIFIC
esign.create.topic,e-sign-svc,create-esign,SERVICE-SPECIFIC
esign.position.offset,e-sign-svc,2,SERVICE-SPECIFIC
esign.update.topic,e-sign-svc,update-esign,SERVICE-SPECIFIC
esign.y.coordinate.offset,e-sign-svc,20,SERVICE-SPECIFIC
esing.asp.id,e-sign-svc,ESGN-900,SERVICE-SPECIFIC
esing.auth.mode,e-sign-svc,1,SERVICE-SPECIFIC
esing.doc.info,e-sign-svc,My Document,SERVICE-SPECIFIC
esing.ekyc.id.type,e-sign-svc,A,SERVICE-SPECIFIC
esing.hash.algorithm,e-sign-svc,SHA256,SERVICE-SPECIFIC
esing.id,e-sign-svc,1,SERVICE-SPECIFIC
esing.response.sig.type,e-sign-svc,pkcs7,SERVICE-SPECIFIC
esing.response.url,e-sign-svc,https://dristi-kerala-dev.pucar.org/esign-interceptor/v1/_intercept,SERVICE-SPECIFIC
esing.sc,e-sign-svc,Y,SERVICE-SPECIFIC
esing.ver,e-sign-svc,2.1,SERVICE-SPECIFIC
etreasury.demand.create.endpoint,task,/etreasury/payment/v1/_createDemand,SERVICE-SPECIFIC
etreasury.head.breakup.calculation.endpoint,case,/etreasury/payment/v1/_getHeadBreakDown,SERVICE-SPECIFIC
etreasury.host,task,http://localhost:8876,SERVICE-SPECIFIC
examination.of.accused.kafka.update.topic,digitalized-documents,update-examination-of-accused-document,SERVICE-SPECIFIC
examination.of.accused.kakfa.create.topic,digitalized-documents,create-examination-of-accused-document,SERVICE-SPECIFIC
get.data.based.user.logged.in,epost-tracker,true,SERVICE-SPECIFIC
hearing.case.reference.number.update,case,update-case-reference-number,SERVICE-SPECIFIC
indexer.join.case.kafka.topic,case,join-case-indexer,SERVICE-SPECIFIC
judge.designation,ab-diary,Judicial First Class Magistrate III,SERVICE-SPECIFIC
judge.id,ab-diary,super,SERVICE-SPECIFIC
judge.name,ab-diary,Smt. Soorya S Sukumaran,SERVICE-SPECIFIC
kafka.case.update.last.modified.time,case,case-update-last-modified-time,SERVICE-SPECIFIC
kafka.topics.bail.create,bail-bond,create-bail-application,SERVICE-SPECIFIC
kafka.topics.bail.update,bail-bond,update-bail-application,SERVICE-SPECIFIC
lpr.case.details.update.kafka.topic,case,lpr-case-details-update,SERVICE-SPECIFIC
lpr.stage,case,Long Pending Register,SERVICE-SPECIFIC
lpr.sub.stage,case,Long Pending Register,SERVICE-SPECIFIC
mdms.case.module.name,case,case,SERVICE-SPECIFIC
mdms.order.category.path,order,$.MdmsRes.Order.OrderCategory[?(@.id == '{}' && @.isactive == true)],SERVICE-SPECIFIC
mdms.order.module.name,order,Order,SERVICE-SPECIFIC
mdms.order.type.path,order,$.MdmsRes.Order.OrderType[?(@.id == '{}' && @.isactive == true)],SERVICE-SPECIFIC
notification.sms.enabled,case,true,SERVICE-SPECIFIC
open.hearing.topic,case,open-hearing-topic,SERVICE-SPECIFIC
outsider.designation,ctc,OUTSIDE_PETITIONER,SERVICE-SPECIFIC
process.case.specific.access.topic,case,process-case-specific-access,SERVICE-SPECIFIC
pucar.lock.duration,lock-svc,1200000,SERVICE-SPECIFIC
pucar.lock.host,case,http://localhost:8080/,SERVICE-SPECIFIC
pucar.lock.search.endpoint,case,/lock-svc/v1/_get,SERVICE-SPECIFIC
razorpay.ifsc.api,bank-details,https://ifsc.razorpay.com/,SERVICE-SPECIFIC
razorpay.ifsc.connect-timeout,bank-details,3000,SERVICE-SPECIFIC
razorpay.ifsc.read-timeout,bank-details,5000,SERVICE-SPECIFIC
role.system.admin,task,SYSTEM_ADMIN,SERVICE-SPECIFIC
schedule.cron.expression,ab-diary,0 59 23 * * *,SERVICE-SPECIFIC
sla.envelope.sla.value,task,432000000,SERVICE-SPECIFIC
spring.datasource.enabled,e-sign-svc,false,SERVICE-SPECIFIC
spring.http.converters.multipart.enabled,e-sign-svc,true,SERVICE-SPECIFIC
spring.http.converters.multipart.serializer.class,e-sign-svc,org.springframework.http.converter.ByteArrayHttpMessageConverter,SERVICE-SPECIFIC
spring.http.multipart.enabled,e-sign-svc,true,SERVICE-SPECIFIC
summons.court.fees.sufix,task,_COURT,SERVICE-SPECIFIC
summons.epost.fees.sufix,task,_EPOST,SERVICE-SPECIFIC
task.business.service,task,task-summons,SERVICE-SPECIFIC
task.kafka.create.topic,task,save-task-application,SERVICE-SPECIFIC
task.kafka.summon.topic,task,issue-summon-task-application,SERVICE-SPECIFIC
task.kafka.update.pending.collection.topic,task,update-delivery-channels,SERVICE-SPECIFIC
task.kafka.update.topic,task,update-task-application,SERVICE-SPECIFIC
task.kafka.update.uniqueid.topic,task,update-task-uniqueid,SERVICE-SPECIFIC
tracing.url,case,http://jaeger-collector.backbone:14250,SERVICE-SPECIFIC
update.expiry.date.topic,inportal-survey,update-reminder-later-topic,SERVICE-SPECIFIC
update.member.access.kafka.topic,advocate-office-management,update-advocate-office-member-access,SERVICE-SPECIFIC
update.survey.tracker.topic,inportal-survey,update-survey-tracker-topic,SERVICE-SPECIFIC
user.oauth.url,case,https://dristi-kerala-dev.pucar.org/user/oauth/token?_=1713357247536,SERVICE-SPECIFIC
witness.kafka.create.topic,case,save-witness-application,SERVICE-SPECIFIC
witness.kafka.update.topic,case,update-witness-application,SERVICE-SPECIFIC
